students=# 
students=# select * from student;
 studentid |  studentname   | studentgpa | studentcredits | classid 
-----------+----------------+------------+----------------+---------
        10 | Jerry White    |        3.3 |             57 |       2
        11 | Ashlan Toll    |        3.2 |             52 |       1
        12 | Joe Laresca    |        2.5 |             59 |       3
        13 | Jesse Clemente |          3 |             45 |       4
(4 rows)

students=# select * from professors;
     profname     |      class_name      | student_enrollment | classid 
------------------+----------------------+--------------------+---------
 John Smith       | Intro to Java        |                 30 |       2
 Barry Lamber     | Intro to Python      |                 23 |       2
 Marisa Steinberg | Database Systems     |                 27 |       3
 Harris Walsh     | Multimedia Computing |                 31 |       4
(4 rows)

students=# select * from clubs;
      club_name      |   profname   | studentid | classid 
---------------------+--------------+-----------+---------
 Robotics            | Barry Lamber |        10 |       1
 React Tutoring      | Harris Walsh |        11 |       2
 Javascript Tutoring | Harris Walsh |        12 |       3
 Game Club           | John Smith   |        13 |       4
(4 rows)

students=# select * from class;
 class_id |      class_name      | creditsnum |     profname     
----------+----------------------+------------+------------------
        1 | Intro to Java        |          4 | John Smith
        2 | Intro to Python      |          3 | Barry Lamber
        3 | Database Systems     |          4 | Marisa Steinberg
        4 | Multimedia Computing |          4 | Harris Walsh
(4 rows)

students=# select * from class inner join student on student.classid = class.class_id;
 class_id |      class_name      | creditsnum |     profname     | studentid |  studentname   | studentgpa | studentcredits | classid 
----------+----------------------+------------+------------------+-----------+----------------+------------+----------------+---------
        2 | Intro to Python      |          3 | Barry Lamber     |        10 | Jerry White    |        3.3 |             57 |       2
        1 | Intro to Java        |          4 | John Smith       |        11 | Ashlan Toll    |        3.2 |             52 |       1
        3 | Database Systems     |          4 | Marisa Steinberg |        12 | Joe Laresca    |        2.5 |             59 |       3
        4 | Multimedia Computing |          4 | Harris Walsh     |        13 | Jesse Clemente |          3 |             45 |       4
(4 rows)

students=# select * from class inner join student on class.class_id = student.classid inner join professors on professors.classid = student.classid;
 class_id |      class_name      | creditsnum |     profname     | studentid |  studentname   | studentgpa | studentcredits | classid |     profname     |      class_name      | student_enrollment | classid 
----------+----------------------+------------+------------------+-----------+----------------+------------+----------------+---------+------------------+----------------------+--------------------+---------
        2 | Intro to Python      |          3 | Barry Lamber     |        10 | Jerry White    |        3.3 |             57 |       2 | John Smith       | Intro to Java        |                 30 |       2
        2 | Intro to Python      |          3 | Barry Lamber     |        10 | Jerry White    |        3.3 |             57 |       2 | Barry Lamber     | Intro to Python      |                 23 |       2
        3 | Database Systems     |          4 | Marisa Steinberg |        12 | Joe Laresca    |        2.5 |             59 |       3 | Marisa Steinberg | Database Systems     |                 27 |       3
        4 | Multimedia Computing |          4 | Harris Walsh     |        13 | Jesse Clemente |          3 |             45 |       4 | Harris Walsh     | Multimedia Computing |                 31 |       4
(4 rows)

students=# select * from class inner join student on class.class_id = student.classid inner join professors on professors.classid = student.classid inner join clubs on clubs.classid = professors.classid;
 class_id |      class_name      | creditsnum |     profname     | studentid |  studentname   | studentgpa | studentcredits | classid |     profname     |      class_name      | student_enrollment | classid |      club_name      |   profname   | studentid | classid 
----------+----------------------+------------+------------------+-----------+----------------+------------+----------------+---------+------------------+----------------------+--------------------+---------+---------------------+--------------+-----------+---------
        2 | Intro to Python      |          3 | Barry Lamber     |        10 | Jerry White    |        3.3 |             57 |       2 | John Smith       | Intro to Java        |                 30 |       2 | React Tutoring      | Harris Walsh |        11 |       2
        2 | Intro to Python      |          3 | Barry Lamber     |        10 | Jerry White    |        3.3 |             57 |       2 | Barry Lamber     | Intro to Python      |                 23 |       2 | React Tutoring      | Harris Walsh |        11 |       2
        3 | Database Systems     |          4 | Marisa Steinberg |        12 | Joe Laresca    |        2.5 |             59 |       3 | Marisa Steinberg | Database Systems     |                 27 |       3 | Javascript Tutoring | Harris Walsh |        12 |       3
        4 | Multimedia Computing |          4 | Harris Walsh     |        13 | Jesse Clemente |          3 |             45 |       4 | Harris Walsh     | Multimedia Computing |                 31 |       4 | Game Club           | John Smith   |        13 |       4
(4 rows)

students=# select distinct * from class inner join student on class.class_id = student.classid inner join professors on professors.classid = student.classid inner join clubs on clubs.classid = professors.classid;
 class_id |      class_name      | creditsnum |     profname     | studentid |  studentname   | studentgpa | studentcredits | classid |     profname     |      class_name      | student_enrollment | classid |      club_name      |   profname   | studentid | classid 
----------+----------------------+------------+------------------+-----------+----------------+------------+----------------+---------+------------------+----------------------+--------------------+---------+---------------------+--------------+-----------+---------
        2 | Intro to Python      |          3 | Barry Lamber     |        10 | Jerry White    |        3.3 |             57 |       2 | John Smith       | Intro to Java        |                 30 |       2 | React Tutoring      | Harris Walsh |        11 |       2
        3 | Database Systems     |          4 | Marisa Steinberg |        12 | Joe Laresca    |        2.5 |             59 |       3 | Marisa Steinberg | Database Systems     |                 27 |       3 | Javascript Tutoring | Harris Walsh |        12 |       3
        4 | Multimedia Computing |          4 | Harris Walsh     |        13 | Jesse Clemente |          3 |             45 |       4 | Harris Walsh     | Multimedia Computing |                 31 |       4 | Game Club           | John Smith   |        13 |       4
        2 | Intro to Python      |          3 | Barry Lamber     |        10 | Jerry White    |        3.3 |             57 |       2 | Barry Lamber     | Intro to Python      |                 23 |       2 | React Tutoring      | Harris Walsh |        11 |       2
(4 rows)

students=# 







